model,tier,variant,horizon_h,rmse,rmse_std,skill,skill_std,val,n_seeds,n_params,chosen_arch,city
climatology,tier1,standard,1,65.31529168406384,,-0.7854687396392506,,,1,,,Dhaka
climatology,tier1,standard,3,65.30518294293076,,-0.08108253788916908,,,1,,,Dhaka
climatology,tier1,standard,6,65.2323478261321,,0.2109437834626754,,,1,,,Dhaka
climatology,tier1,standard,12,65.07821966907805,,0.34034386504350056,,,1,,,Dhaka
climatology,tier1,standard,24,65.43149142293335,,0.11296666952126799,,,1,,,Dhaka
lightgbm,tier2,standard,1,33.462908852058575,,0.08525283816001539,,,1,,,Dhaka
lightgbm,tier2,standard,3,48.746398388160394,,0.1930367896146663,,,1,,,Dhaka
lightgbm,tier2,standard,6,56.078918840133596,,0.3216644655280493,,,1,,,Dhaka
lightgbm,tier2,standard,12,56.94022912975693,,0.4228334508493008,,,1,,,Dhaka
lightgbm,tier2,standard,24,59.020989543664804,,0.19987174700532984,,,1,,,Dhaka
persistence,tier1,standard,1,36.581593524432485,,0.0,,,1,,,Dhaka
persistence,tier1,standard,3,60.40721282062346,,0.0,,,1,,,Dhaka
persistence,tier1,standard,6,82.67135656366307,,0.0,,,1,,,Dhaka
persistence,tier1,standard,12,98.65476302038726,,0.0,,,1,,,Dhaka
persistence,tier1,standard,24,73.76441129626997,,0.0,,,1,,,Dhaka
random_forest,tier2,standard,1,33.47159377702974,,0.08501542573112919,,,1,,,Dhaka
random_forest,tier2,standard,3,48.89157831207336,,0.19063343549296452,,,1,,,Dhaka
random_forest,tier2,standard,6,57.19054162210382,,0.30821817858930534,,,1,,,Dhaka
random_forest,tier2,standard,12,57.27868892981686,,0.4194027011348649,,,1,,,Dhaka
random_forest,tier2,standard,24,58.49972691929854,,0.20693833392991934,,,1,,,Dhaka
ridge,tier2,standard,1,64.09681108705686,,-0.7521601688632629,,,1,,,Dhaka
ridge,tier2,standard,3,62.848994421021764,,-0.04042202058964506,,,1,,,Dhaka
ridge,tier2,standard,6,62.90276929345677,,0.2391225702820422,,,1,,,Dhaka
ridge,tier2,standard,12,64.88902497574087,,0.3422616101938091,,,1,,,Dhaka
ridge,tier2,standard,24,66.66219318236345,,0.09628244825788579,,,1,,,Dhaka
sarimax,tier1,standard,1,35.81148319957537,,0.021051852876304178,,,1,,,Dhaka
sarimax,tier1,standard,3,55.48623090134229,,0.08146348241382706,,,1,,,Dhaka
sarimax,tier1,standard,6,70.3677203828833,,0.1488258653564618,,,1,,,Dhaka
sarimax,tier1,standard,12,78.9005725396866,,0.2002355474374654,,,1,,,Dhaka
sarimax,tier1,standard,24,81.36196179404095,,-0.1029975073922289,,,1,,,Dhaka
seasonal_naive,tier1,standard,1,73.13873007909714,,-0.9993314405576266,,,1,,,Dhaka
seasonal_naive,tier1,standard,3,73.1478083660569,,-0.2109118257660072,,,1,,,Dhaka
seasonal_naive,tier1,standard,6,73.20283653308965,,0.11453205105303854,,,1,,,Dhaka
seasonal_naive,tier1,standard,12,73.36036949483409,,0.2563930290960815,,,1,,,Dhaka
seasonal_naive,tier1,standard,24,73.76441129626997,,0.0,,,1,,,Dhaka
xgboost,tier2,standard,1,33.653961829490434,,0.08003018493403558,,,1,,,Dhaka
xgboost,tier2,standard,3,48.83351376480024,,0.1915946542706879,,,1,,,Dhaka
xgboost,tier2,standard,6,56.52704504035783,,0.31624389159711186,,,1,,,Dhaka
xgboost,tier2,standard,12,57.02178472634108,,0.4220067741224275,,,1,,,Dhaka
xgboost,tier2,standard,24,58.69697491092797,,0.20426430741546375,,,1,,,Dhaka
best sequence,tier3,w24,1,33.83175064534054,0.5692366638838573,0.07517012284484959,0.015560739952557473,0.03904557301868479,5,43073.0,lstm_h64_l1 w24,Dhaka
best sequence,tier3,w48,3,49.37574937978572,0.37813766664544785,0.182618315359048,0.006259809863572227,0.06900013095475746,5,89217.0,gru_h128_l1 w48,Dhaka
best sequence,tier3,w48,6,57.17800109135776,1.3277540749441978,0.3083698699521585,0.016060630067461508,0.0867319521876119,5,89217.0,gru_h128_l1 w48,Dhaka
best sequence,tier3,w48,12,58.14407930977054,0.5206617637516106,0.4106307944021424,0.0052776140534037,0.0929507520897864,5,89217.0,gru_h128_l1 w48,Dhaka
best sequence,tier3,w48,24,60.00622248481943,1.2510892967986154,0.1865152662330844,0.016960608439938525,0.09940624345247231,5,57281.0,gru_h64_l2 w48,Dhaka
climatology,tier1,standard,1,93.31867394934325,,-3.3854433456176736,,,1,,,Beijing
climatology,tier1,standard,3,93.43292574837835,,-1.2035122452572158,,,1,,,Beijing
climatology,tier1,standard,6,93.60657621241802,,-0.5530188451145108,,,1,,,Beijing
climatology,tier1,standard,12,93.97858106629761,,-0.20486028114565902,,,1,,,Beijing
climatology,tier1,standard,24,94.90594771582433,,0.024522313413864905,,,1,,,Beijing
lightgbm,tier2,standard,1,20.014522701934343,,0.0594320334367594,,,1,,,Beijing
lightgbm,tier2,standard,3,44.56646811709285,,-0.051050873525533724,,,1,,,Beijing
lightgbm,tier2,standard,6,63.34765646903566,,-0.050995648713848096,,,1,,,Beijing
lightgbm,tier2,standard,12,79.14755011044403,,-0.014717804802632406,,,1,,,Beijing
lightgbm,tier2,standard,24,94.17128377333772,,0.032073455363165415,,,1,,,Beijing
persistence,tier1,standard,1,21.279188121902337,,0.0,,,1,,,Beijing
persistence,tier1,standard,3,42.401818256050554,,0.0,,,1,,,Beijing
persistence,tier1,standard,6,60.27394741981769,,0.0,,,1,,,Beijing
persistence,tier1,standard,12,77.99956769836972,,0.0,,,1,,,Beijing
persistence,tier1,standard,24,97.29176691674544,,0.0,,,1,,,Beijing
random_forest,tier2,standard,1,20.160228120510848,,0.05258471305302104,,,1,,,Beijing
random_forest,tier2,standard,3,42.25400272441543,,0.003486065874404587,,,1,,,Beijing
random_forest,tier2,standard,6,61.713548587294724,,-0.023884302075820374,,,1,,,Beijing
random_forest,tier2,standard,12,78.75217337050731,,-0.009648844145495383,,,1,,,Beijing
random_forest,tier2,standard,24,93.72705358025209,,0.03663941409907534,,,1,,,Beijing
ridge,tier2,standard,1,92.45949937366314,,-3.3450670600771657,,,1,,,Beijing
ridge,tier2,standard,3,90.8286855755073,,-1.142094120280949,,,1,,,Beijing
ridge,tier2,standard,6,82.4683670319321,,-0.3682257519575869,,,1,,,Beijing
ridge,tier2,standard,12,75.82549696932577,,0.027872856134937063,,,1,,,Beijing
ridge,tier2,standard,24,90.31964139276629,,0.07166203004561889,,,1,,,Beijing
sarimax,tier1,standard,1,19.965284078132896,,0.06174596682178202,,,1,,,Beijing
sarimax,tier1,standard,3,40.795409293404305,,0.037885379182224566,,,1,,,Beijing
sarimax,tier1,standard,6,56.65704460884217,,0.060007730799232606,,,1,,,Beijing
sarimax,tier1,standard,12,71.3014762889257,,0.08587344272658082,,,1,,,Beijing
sarimax,tier1,standard,24,85.14895838787793,,0.12480818175764419,,,1,,,Beijing
seasonal_naive,tier1,standard,1,96.00141972501197,,-3.51151703603763,,,1,,,Beijing
seasonal_naive,tier1,standard,3,96.07272516135325,,-1.2657689955935814,,,1,,,Beijing
seasonal_naive,tier1,standard,6,96.24351977244618,,-0.5967681542755887,,,1,,,Beijing
seasonal_naive,tier1,standard,12,96.62185310157582,,-0.23874857198208987,,,1,,,Beijing
seasonal_naive,tier1,standard,24,97.29176691674544,,0.0,,,1,,,Beijing
xgboost,tier2,standard,1,20.143557421680647,,0.053368140443892376,,,1,,,Beijing
xgboost,tier2,standard,3,44.51029321324225,,-0.04972605053064738,,,1,,,Beijing
xgboost,tier2,standard,6,62.678816736198016,,-0.0398989848736806,,,1,,,Beijing
xgboost,tier2,standard,12,75.75082240401578,,0.028830227662927643,,,1,,,Beijing
xgboost,tier2,standard,24,93.56847311156665,,0.038269361562370374,,,1,,,Beijing
best sequence,tier3,w168,1,21.461002840690742,0.8437000915263065,-0.008544250736768743,0.03964907339006503,0.05485278911516582,5,41537.0,lstm_h64_l1 w168,Beijing
best sequence,tier3,w168,3,42.111214413860615,1.1906207056203197,0.006853570298214073,0.028079472876152537,0.12145621433949887,5,41537.0,lstm_h64_l1 w168,Beijing
best sequence,tier3,w48,6,59.705307755983405,0.9132241741117857,0.00943425290986195,0.015151225582605976,0.20699342996932427,5,86913.0,gru_h128_l1 w48,Beijing
best sequence,tier3,w48,12,74.54175391787938,1.5528513861595672,0.04433119160175318,0.01990846144384491,0.3392219164011457,5,86913.0,gru_h128_l1 w48,Beijing
best sequence,tier3,w168,24,91.55479065043419,0.7519153964295787,0.05896671885114908,0.007728458637954485,0.4867368193072057,5,41537.0,lstm_h64_l1 w168,Beijing
