model,arm,policy,availability,rmse_served,rmse_all_hours,skill_all_hours,fallback_share
climatology,A24,single,0.9760,64.1822,64.4915,0.0949,
climatology,A48,single,0.9525,64.2607,64.4701,0.0952,
climatology,B24,single,0.8348,65.4315,64.1005,0.1004,
climatology,B48,single,0.8348,65.4315,64.1005,0.1004,
climatology,C,single,0.8348,65.4315,64.1005,0.1004,
climatology,cascade,cascade,1.0000,65.4315,64.5638,0.0939,"{""C"": 0.8348, ""B48"": 0.0, ""B24"": 0.0, ""A48"": 0.1176, ""A24"": 0.0235, ""persistence"": 0.024}"
dlinear_w24,A24,single,0.9760,65.8636,66.1255,0.0720,
dlinear_w24,A48,single,0.9525,64.0960,64.3138,0.0974,
dlinear_w24,B24,single,0.8348,65.9962,64.5820,0.0936,
dlinear_w24,B48,single,0.8348,65.9962,64.5820,0.0936,
dlinear_w24,C,single,0.8348,65.9962,64.5820,0.0936,
dlinear_w24,cascade,cascade,1.0000,65.9962,64.2466,0.0984,"{""C"": 0.8348, ""B48"": 0.0, ""B24"": 0.0, ""A48"": 0.1176, ""A24"": 0.0235, ""persistence"": 0.024}"
dlinear_w48,A24,single,0.9535,63.7851,64.0272,0.1014,
dlinear_w48,A48,single,0.9525,63.8008,64.0335,0.1013,
dlinear_w48,B24,single,0.8348,66.4291,64.9515,0.0885,
dlinear_w48,B48,single,0.8348,66.4291,64.9515,0.0885,
dlinear_w48,C,single,0.8348,66.4291,64.9515,0.0885,
dlinear_w48,cascade,cascade,1.0000,66.4291,64.5399,0.0942,"{""C"": 0.8348, ""B48"": 0.0, ""B24"": 0.0, ""A48"": 0.1176, ""A24"": 0.001, ""persistence"": 0.0465}"
gru_h64_l2_w24,A24,single,0.9760,56.5068,57.0529,0.1993,
gru_h64_l2_w24,A48,single,0.9525,56.8427,57.4520,0.1937,
gru_h64_l2_w24,B24,single,0.8348,57.6014,57.4859,0.1932,
gru_h64_l2_w24,B48,single,0.8348,57.6014,57.4859,0.1932,
gru_h64_l2_w24,C,single,0.8348,57.6014,57.4859,0.1932,
gru_h64_l2_w24,cascade,cascade,1.0000,57.6014,56.7854,0.2031,"{""C"": 0.8348, ""B48"": 0.0, ""B24"": 0.0, ""A48"": 0.1176, ""A24"": 0.0235, ""persistence"": 0.024}"
gru_h64_l2_w48,A24,single,0.9535,57.4552,58.0322,0.1856,
gru_h64_l2_w48,A48,single,0.9525,56.6234,57.2454,0.1966,
gru_h64_l2_w48,B24,single,0.8348,58.0568,57.8671,0.1879,
gru_h64_l2_w48,B48,single,0.8348,58.0568,57.8671,0.1879,
gru_h64_l2_w48,C,single,0.8348,58.0568,57.8671,0.1879,
gru_h64_l2_w48,cascade,cascade,1.0000,58.0568,57.2525,0.1965,"{""C"": 0.8348, ""B48"": 0.0, ""B24"": 0.0, ""A48"": 0.1176, ""A24"": 0.001, ""persistence"": 0.0465}"
lightgbm,A24,single,0.9760,56.9114,57.4441,0.1938,
lightgbm,A48,single,0.9525,57.0443,57.6420,0.1910,
lightgbm,B24,single,0.8348,58.5693,58.2967,0.1819,
lightgbm,B48,single,0.8348,58.4309,58.1806,0.1835,
lightgbm,C,single,0.8348,59.0210,58.6758,0.1765,
lightgbm,cascade,cascade,1.0000,59.0210,57.8470,0.1882,"{""C"": 0.8348, ""B48"": 0.0, ""B24"": 0.0, ""A48"": 0.1176, ""A24"": 0.0235, ""persistence"": 0.024}"
lstm_h64_l1_w24,A24,single,0.9760,55.1800,55.7710,0.2173,
lstm_h64_l1_w24,A48,single,0.9525,55.2940,55.9939,0.2142,
lstm_h64_l1_w24,B24,single,0.8348,57.2850,57.2214,0.1969,
lstm_h64_l1_w24,B48,single,0.8348,57.2850,57.2214,0.1969,
lstm_h64_l1_w24,C,single,0.8348,57.2850,57.2214,0.1969,
lstm_h64_l1_w24,cascade,cascade,1.0000,57.2850,56.3834,0.2087,"{""C"": 0.8348, ""B48"": 0.0, ""B24"": 0.0, ""A48"": 0.1176, ""A24"": 0.0235, ""persistence"": 0.024}"
lstm_h64_l1_w48,A24,single,0.9535,55.9583,56.6203,0.2054,
lstm_h64_l1_w48,A48,single,0.9525,55.3682,56.0637,0.2132,
lstm_h64_l1_w48,B24,single,0.8348,56.8292,56.8407,0.2023,
lstm_h64_l1_w48,B48,single,0.8348,56.8292,56.8407,0.2023,
lstm_h64_l1_w48,C,single,0.8348,56.8292,56.8407,0.2023,
lstm_h64_l1_w48,cascade,cascade,1.0000,56.8292,56.1400,0.2121,"{""C"": 0.8348, ""B48"": 0.0, ""B24"": 0.0, ""A48"": 0.1176, ""A24"": 0.001, ""persistence"": 0.0465}"
persistence,A24,single,0.9760,71.1335,71.2545,0.0000,
persistence,A48,single,0.9525,71.3876,71.2545,0.0000,
persistence,B24,single,0.8348,73.7644,71.2545,0.0000,
persistence,B48,single,0.8348,73.7644,71.2545,0.0000,
persistence,C,single,0.8348,73.7644,71.2545,0.0000,
persistence,cascade,cascade,1.0000,73.7644,71.2545,0.0000,"{""C"": 0.8348, ""B48"": 0.0, ""B24"": 0.0, ""A48"": 0.1176, ""A24"": 0.0235, ""persistence"": 0.024}"
random_forest,A24,single,0.9760,56.5798,57.1236,0.1983,
random_forest,A48,single,0.9525,56.8273,57.4375,0.1939,
random_forest,B24,single,0.8348,58.3918,58.1479,0.1839,
random_forest,B48,single,0.8348,58.3661,58.1263,0.1842,
random_forest,C,single,0.8348,58.4997,58.2383,0.1827,
random_forest,cascade,cascade,1.0000,58.4997,57.3522,0.1951,"{""C"": 0.8348, ""B48"": 0.0, ""B24"": 0.0, ""A48"": 0.1176, ""A24"": 0.0235, ""persistence"": 0.024}"
ridge,A24,single,0.9760,58.0187,58.5153,0.1788,
ridge,A48,single,0.9525,57.9498,58.4960,0.1791,
ridge,B24,single,0.8348,59.6047,59.1663,0.1696,
ridge,B48,single,0.8348,59.5439,59.1152,0.1704,
ridge,C,single,0.8348,59.3651,58.9649,0.1725,
ridge,cascade,cascade,1.0000,59.3651,58.2575,0.1824,"{""C"": 0.8348, ""B48"": 0.0, ""B24"": 0.0, ""A48"": 0.1176, ""A24"": 0.0235, ""persistence"": 0.024}"
xgboost,A24,single,0.9760,56.7067,57.2462,0.1966,
xgboost,A48,single,0.9525,56.9161,57.5212,0.1927,
xgboost,B24,single,0.8348,58.4514,58.1978,0.1832,
xgboost,B48,single,0.8348,58.4651,58.2093,0.1831,
xgboost,C,single,0.8348,58.6243,58.3428,0.1812,
xgboost,cascade,cascade,1.0000,58.6243,57.5067,0.1929,"{""C"": 0.8348, ""B48"": 0.0, ""B24"": 0.0, ""A48"": 0.1176, ""A24"": 0.0235, ""persistence"": 0.024}"
