model,horizon_h,stratum,group,n,rmse,mae,r2,smape,bias,reference_rmse,skill_vs_persistence
persistence,1,overall,all,3951,21.279188121902337,10.627182991647684,0.9487690947426889,19.665697740010064,0.047076689445709946,21.279188121902337,0.0
persistence,1,season,monsoon (wet),985,12.168946081356614,7.472081218274112,0.9231184712925676,17.778237554469072,0.028426395939086295,12.168946081356614,0.0
persistence,1,season,dry,2966,23.537218916193847,11.674983142279164,0.9481173238134237,20.292517794884592,0.053270397842211735,23.537218916193847,0.0
persistence,1,pollution,observed > 65 ug/m3,1836,25.123204040560125,15.10239651416122,0.9283429906758135,10.637509947575506,-2.1884531590413943,25.123204040560125,0.0
persistence,1,pollution,observed <= 65 ug/m3,2115,17.261580893443636,6.742316784869977,0.10053757120579698,27.502933100251127,1.9877068557919622,17.261580893443636,0.0
persistence,1,pollution,observed > 35 ug/m3,2458,24.81616707084066,13.770545158665582,0.9310177341126943,12.217752346411517,-1.0545158665581773,24.81616707084066,0.0
persistence,1,pollution,observed <= 35 ug/m3,1493,13.578873311209419,5.452109845947756,-1.1895102210265125,31.927619895043698,1.8606831882116543,13.578873311209419,0.0
seasonal_naive,1,overall,all,3951,96.00141972501197,66.27157681599596,-0.04274288047518526,85.7597700025722,0.22854973424449507,21.279188121902337,-3.51151703603763
seasonal_naive,1,season,monsoon (wet),985,49.99206028331457,37.51065989847716,-0.29753220911959977,71.18909045965987,-1.2954314720812183,12.168946081356614,-3.108166800073567
seasonal_naive,1,season,dry,2966,106.99061125552441,75.8229939312205,-0.07202129808217594,90.59865043068032,0.7346594740391099,23.537218916193847,-3.5455927327894194
seasonal_naive,1,pollution,observed > 65 ug/m3,1836,99.35595708939815,76.88289760348584,-0.12071826495771121,68.43796767889194,-48.130174291939,25.123204040560125,-2.9547486430868073
seasonal_naive,1,pollution,observed <= 65 ug/m3,2115,92.99132881103782,57.060047281323875,-25.103984258400214,100.79656861546913,42.2080378250591,17.261580893443636,-4.387184950502313
seasonal_naive,1,pollution,observed > 35 ug/m3,2458,91.18987424695212,68.32709519934906,0.06854628168628252,71.52923571417523,-34.205044751830755,24.81616707084066,-2.6746155837297487
seasonal_naive,1,pollution,observed <= 35 ug/m3,1493,103.43648209018697,62.887474882786336,-126.0477526654833,109.18820488594778,56.91828533154722,13.578873311209419,-6.617456892008832
climatology,1,overall,all,3951,93.31867394934325,70.2059632638392,0.014721423702401704,83.76405870571828,5.7935551891554296,21.279188121902337,-3.3854433456176736
climatology,1,season,monsoon (wet),985,43.5824531094852,36.07782137481516,0.01385808209656314,67.77895757287034,5.79709629469424,12.168946081356614,-2.5814484523237002
climatology,1,season,dry,2966,104.73588542629497,81.53982022968164,-0.027313731940113106,89.07266444268903,5.792379198273527,23.537218916193847,-3.4497986698944967
climatology,1,pollution,observed > 65 ug/m3,1836,111.4785235320729,74.88558182113925,-0.41088313986304126,48.10097897089076,-63.57274673991777,25.123204040560125,-3.43727334109521
climatology,1,pollution,observed <= 65 ug/m3,2115,74.02628911552726,66.14365609069361,-15.54222218407784,114.72264707127069,66.00940877864876,17.261580893443636,-3.2884999683687273
climatology,1,pollution,observed > 35 ug/m3,2458,99.05268952153408,65.53826835876683,-0.09900733621776237,48.97320189494972,-37.99851939675617,24.81616707084066,-2.9914580377693523
climatology,1,pollution,observed <= 35 ug/m3,1493,83.02018931986791,77.89062105129256,-80.8440181191289,141.0419729996695,77.89062105129256,13.578873311209419,-5.113923255424615
sarimax,1,overall,all,3950,19.965284078132896,10.217000032890379,0.954909086147863,20.893845055482014,-0.24655192863208034,21.279188121902337,0.06174596682178202
sarimax,1,season,monsoon (wet),984,11.542894488420956,7.2622185174995195,0.9308890025454813,18.224802924612337,0.780530550823023,12.168946081356614,0.05144665682222049
sarimax,1,season,dry,2966,22.060214951751714,11.19727818904163,0.954424488040175,21.779326328838646,-0.5872967566104423,23.537218916193847,0.06275184717876503
sarimax,1,pollution,observed > 65 ug/m3,1836,23.4315635257436,14.10844697041704,0.9376679851877255,9.914691555211672,-4.2394232107525935,25.123204040560125,0.06733378879881169
sarimax,1,pollution,observed <= 65 ug/m3,2114,16.369745701003893,6.837294934830329,0.1911203778670748,30.429193128564492,3.221239780910617,17.261580893443636,0.05166590464367504
sarimax,1,pollution,observed > 35 ug/m3,2457,23.172615540188378,12.913031650435045,0.9398545715070222,11.503086032027015,-2.4297021651839974,24.81616707084066,0.06622906454331046
sarimax,1,pollution,observed <= 35 ug/m3,1493,13.073650973183844,5.78019515391701,-1.0296131913856277,36.34802785563536,3.346214401714913,13.578873311209419,0.03720649912894558
ridge,1,overall,all,3951,92.45949937366314,34.64587731424152,0.032780603728089,36.19468924408221,12.188058361823243,21.279188121902337,-3.3450670600771657
ridge,1,season,monsoon (wet),985,20.733900625333007,15.312239109125063,0.7768082682138838,35.431625776599994,-4.199140648499571,12.168946081356614,-0.7038370033620494
ridge,1,season,dry,2966,106.0424931206175,41.06652250373568,-0.053105632566652794,36.44810040910918,17.630199638009344,23.537218916193847,-3.5053110776676837
ridge,1,pollution,observed > 65 ug/m3,1836,133.76714674573748,63.05605717413395,-1.0314566293338263,29.453166263930587,19.202338092333846,25.123204040560125,-4.324446138708155
ridge,1,pollution,observed <= 65 ug/m3,2115,20.89494531474548,9.983423308207234,-0.31796649323869497,42.046904937490424,6.099066595762974,17.261580893443636,-0.21048850877163194
ridge,1,pollution,observed > 35 ug/m3,2458,116.68313879477395,49.957905777276224,-0.5250506000977138,26.972561657058197,14.502596524386194,24.81616707084066,-3.701900114618355
ridge,1,pollution,observed <= 35 ug/m3,1493,14.423222440505606,9.43692489485817,-1.4702681952868337,51.37753559967834,8.377519310530728,13.578873311209419,-0.062181088956708486
random_forest,1,overall,all,3951,20.160228120510848,10.154309804315911,0.9540153584049582,18.589167786579132,-1.6374092165255936,21.279188121902337,0.05258471305302104
random_forest,1,season,monsoon (wet),985,11.294694401203023,7.1485774861768565,0.9337684305866805,17.06787437595138,-0.07579706698881995,12.168946081356614,0.07184284278266173
random_forest,1,season,dry,2966,22.339313961695716,11.152504791964923,0.9532639784483665,19.09438491721579,-2.1560160834486286,23.537218916193847,0.05089407371207988
random_forest,1,pollution,observed > 65 ug/m3,1836,24.911916151596966,14.85765651851744,0.9295432032676573,10.25272602029516,-5.848764145376447,25.123204040560125,0.008410069377378981
random_forest,1,pollution,observed <= 65 ug/m3,2115,14.849851167843418,6.071404571562245,0.33431910407512255,25.825908724119262,2.0184052749023813,17.261580893443636,0.1397166192649394
random_forest,1,pollution,observed > 35 ug/m3,2458,23.893564918236326,13.372829353772232,0.9360515607049221,11.670718666866083,-3.779243433476583,24.81616707084066,0.03717746378683939
random_forest,1,pollution,observed <= 35 ug/m3,1493,11.647469614802116,4.855501329725395,-0.610952281877762,29.979353946160288,1.8887987575303569,13.578873311209419,0.14223593166694626
xgboost,1,overall,all,3951,20.143557421680647,10.249966985477688,0.9540913773024808,18.446738419005296,-0.6418081089540311,21.279188121902337,0.053368140443892376
xgboost,1,season,monsoon (wet),985,11.185307000578263,7.186325511843245,0.9350451037018235,16.82422951114525,0.5341331565827967,12.168946081356614,0.08083190394649964
xgboost,1,season,dry,2966,22.337559376708242,11.267393435757498,0.953271319685577,18.985568922795633,-1.0323347935642049,23.537218916193847,0.050968618839680624
xgboost,1,pollution,observed > 65 ug/m3,1836,24.92804099008138,15.139325106894919,0.9294519640272849,10.327231065467597,-4.093800026422201,25.123204040560125,0.0077682388824157345
xgboost,1,pollution,observed <= 65 ug/m3,2115,14.783953510276108,6.005588020502726,0.3402140426323078,25.495161823778446,2.3548146619545083,17.261580893443636,0.14353421036358205
xgboost,1,pollution,observed > 35 ug/m3,2458,24.003380309826895,13.568241114007161,0.935462392804036,11.641562395634448,-2.3073238036068036,24.81616707084066,0.03275230855327371
xgboost,1,pollution,observed <= 35 ug/m3,1493,11.190441496593891,4.786927596378256,-0.48701019545033186,29.650437458151668,2.1002130413852282,13.578873311209419,0.1758932247084054
lightgbm,1,overall,all,3951,20.014522701934343,10.182124410214499,0.9546776523988277,18.272094996444267,-0.9152645454998902,21.279188121902337,0.0594320334367594
lightgbm,1,season,monsoon (wet),985,11.341990234903934,7.180421055400243,0.9332125880452877,16.703676168370286,0.23848378593332556,12.168946081356614,0.06795624213666418
lightgbm,1,season,dry,2966,22.15607658233657,11.178981390825438,0.9540275349353107,18.792962341573357,-1.298421021043288,23.537218916193847,0.05867907923935045
lightgbm,1,pollution,observed > 65 ug/m3,1836,24.596413493391168,15.001650356627199,0.9313165347492549,10.239563307322506,-4.59492766985275,25.123204040560125,0.02096828678055873
lightgbm,1,pollution,observed <= 65 ug/m3,2115,14.937951903312632,5.998365716307306,0.32639701174790503,25.245016122320184,2.2789962092574862,17.261580893443636,0.13461275676166917
lightgbm,1,pollution,observed > 35 ug/m3,2458,23.76674727572332,13.483794454045889,0.9367285855484921,11.602905513122112,-2.6664879919577227,24.81616707084066,0.04228774702078886
lightgbm,1,pollution,observed <= 35 ug/m3,1493,11.40716800708672,4.746421149841057,-0.5451661303982773,29.251912645476995,1.9678615304501108,13.578873311209419,0.15993265820736002
lstm_h64_l1,1,overall,all,3951,21.456816383946336,11.265238348912238,0.947910223809823,20.099697195425783,-3.18927164135519,21.279188121902337,-0.008347511240862193
lstm_h64_l1,1,season,monsoon (wet),985,11.368818036596963,7.3439985804229195,0.9328962628717618,17.393877236274967,-1.066222858194023,12.168946081356614,0.06575163037212273
lstm_h64_l1,1,season,dry,2966,23.882362648314228,12.567470706283101,0.9465845792494452,20.998292158259076,-3.8943299864036565,23.537218916193847,-0.014663743127397266
lstm_h64_l1,1,pollution,observed > 65 ug/m3,1836,27.189634296938795,17.059741786213813,0.9160703600377159,11.584618877880763,-8.846585174394326,25.123204040560125,-0.0822518597963271
lstm_h64_l1,1,pollution,observed <= 65 ug/m3,2115,14.775057193932891,6.235116216105765,0.3410078625725267,27.49150986257125,1.7217579788149526,17.261580893443636,0.14404959284205454
lstm_h64_l1,1,pollution,observed > 35 ug/m3,2458,25.55673007775561,14.97001946428745,0.9268391707622757,12.618301434805218,-6.157173121622029,24.81616707084066,-0.029841957656108864
lstm_h64_l1,1,pollution,observed <= 35 ug/m3,1493,11.960712203492164,5.165873324403013,-0.6987660977881933,32.41669034988349,1.6969318673493579,13.578873311209419,0.11916755320056305
persistence,3,overall,all,3939,42.401818256050554,22.804772784970805,0.7969654223674568,34.06576124437585,0.197004315816197,42.401818256050554,0.0
persistence,3,season,monsoon (wet),979,24.03903872961484,15.497446373850869,0.6987560918421505,31.591949189410002,0.12870275791624106,24.03903872961484,0.0
persistence,3,season,dry,2960,46.9194392952834,25.221621621621622,0.7941153722071412,34.883957866609485,0.2195945945945946,46.9194392952834,0.0
persistence,3,pollution,observed > 65 ug/m3,1830,49.64839763756875,32.18087431693989,0.7208305604671634,23.052390091564988,-7.698907103825136,49.64839763756875,0.0
persistence,3,pollution,observed <= 65 ug/m3,2109,34.91574224364772,14.669037458511143,-2.6770688849580826,43.62217149076934,7.048364153627311,34.91574224364772,0.0
persistence,3,pollution,observed > 35 ug/m3,2450,46.08553715314467,28.573061224489795,0.7626352676555093,25.31685845155115,-4.81061224489796,46.08553715314467,0.0
persistence,3,pollution,observed <= 35 ug/m3,1489,35.518664868814106,13.313633310946944,-13.952268763486128,48.461202374275445,8.436534586971122,35.518664868814106,0.0
seasonal_naive,3,overall,all,3939,96.07272516135325,66.33257171871033,-0.04232046721108351,85.81905549573179,0.3503427265803503,42.401818256050554,-1.2657689955935814
seasonal_naive,3,season,monsoon (wet),979,50.10780003259204,37.637385086823286,-0.3088646853784853,71.50795550698192,-1.2063329928498467,24.03903872961484,-1.0844344316839027
seasonal_naive,3,season,dry,2960,107.0153768314553,75.82331081081081,-0.07105226704473222,90.55235512038928,0.8652027027027027,46.9194392952834,-1.280832389278213
seasonal_naive,3,pollution,observed > 65 ug/m3,1830,99.36568494335604,76.86065573770492,-0.11822774260513969,68.31212866224844,-48.013661202185794,49.64839763756875,-1.0013875506863572
seasonal_naive,3,pollution,observed <= 65 ug/m3,2109,93.12108138846354,57.19724988146041,-25.1550304323492,101.00998774100185,42.31626363205311,34.91574224364772,-1.6670228213580427
seasonal_naive,3,pollution,observed > 35 ug/m3,2450,91.21389528946537,68.3395918367347,0.07015857650052038,71.48852788840455,-34.10612244897959,46.08553715314467,-0.9792303816782428
seasonal_naive,3,pollution,observed <= 35 ug/m3,1489,103.5725445985917,63.03022162525185,-126.14026793409037,109.39849984627024,57.04499664204164,35.518664868814106,-1.9160033177240812
climatology,3,overall,all,3939,93.43292574837835,70.31392123430844,0.014172467828697077,83.84086009377828,5.830725954140399,42.401818256050554,-1.2035122452572158
climatology,3,season,monsoon (wet),979,43.50690456766165,35.99086395808045,0.013265190502297464,67.72142898952474,5.828886629980256,24.03903872961484,-0.8098437735808219
climatology,3,season,dry,2960,104.83776586357479,81.6660405158717,-0.02790696628913647,89.17225301643509,5.831334298178499,46.9194392952834,-1.234420688699783
climatology,3,pollution,observed > 65 ug/m3,1830,111.61217526542053,74.99728007435655,-0.4108490379597711,48.14035914502248,-63.64508052754128,49.64839763756875,-1.2480519125749998
climatology,3,pollution,observed <= 65 ug/m3,2109,74.13006112813346,66.25012480126529,-15.574785807811232,114.81853517022358,66.11556514877172,34.91574224364772,-1.1231128529601877
climatology,3,pollution,observed > 35 ug/m3,2450,99.17765363897497,65.6476578154595,-0.09929573560940019,49.026280188068064,-38.02552839212496,46.08553715314467,-1.1520342338509022
climatology,3,pollution,observed <= 35 ug/m3,1489,83.12090340100787,77.9917891833883,-80.88688283471481,141.12475584192467,77.9917891833883,35.518664868814106,-1.3402034876031954
sarimax,3,overall,all,3936,40.795409293404305,23.067605392621587,0.8121824931681085,37.72746469464122,-0.9684975206110517,42.401818256050554,0.037885379182224566
sarimax,3,season,monsoon (wet),976,22.93601952666437,15.433745269612329,0.7265986872035752,33.6147978890441,2.574002556322398,24.03903872961484,0.04588449710310627
sarimax,3,season,dry,2960,45.161546228350105,25.584716027775993,0.8092537976652846,39.0835332089192,-2.136565113545865,46.9194392952834,0.03746619936930928
sarimax,3,pollution,observed > 65 ug/m3,1830,48.61424378694157,31.69740377134156,0.7323393855446859,22.09556404627368,-15.869393366848145,49.64839763756875,0.020829551402171242
sarimax,3,pollution,observed <= 65 ug/m3,2106,32.50851222952578,15.56877774159711,-2.1949314057550833,51.31074018681245,11.97957436856933,34.91574224364772,0.06894397367593963
sarimax,3,pollution,observed > 35 ug/m3,2447,44.6922646336325,27.705022340662797,0.7768558910303284,23.218558643902533,-10.273439167220483,46.08553715314467,0.03023231594073117
sarimax,3,pollution,observed <= 35 ug/m3,1489,33.41855085656799,15.446544766794288,-12.236374819936312,61.57118068265841,14.323102351285037,35.518664868814106,0.059127053902581994
ridge,3,overall,all,3939,90.8286855755073,38.96539758816174,0.06836219251989284,43.41083774453529,6.96236744691742,42.401818256050554,-1.142094120280949
ridge,3,season,monsoon (wet),979,27.303758894771782,19.859439555182405,0.6113765888848675,42.26560619564076,-4.629291932798743,24.03903872961484,-0.1358090979376383
ridge,3,season,dry,2960,103.59471411570158,45.28456411325861,-0.003675879168848928,43.78961534128115,10.796230464735705,46.9194392952834,-1.207927368094433
ridge,3,pollution,observed > 65 ug/m3,1830,126.38457878386163,66.03480275142918,-0.8090291804494554,36.32629186936799,1.6736535459406692,49.64839763756875,-1.5455923010136972
ridge,3,pollution,observed <= 65 ug/m3,2109,39.348997283659976,15.477009039665086,-3.6701039565092257,49.55816773578999,11.551436407935652,34.91574224364772,-0.126970093004934
ridge,3,pollution,observed > 35 ug/m3,2450,111.19536928201165,53.29673776885223,-0.38184804129840444,33.48297865002101,2.5236180423634047,46.08553715314467,-1.4128040194585032
ridge,3,pollution,observed <= 35 ug/m3,1489,38.46758003744399,15.384616229738825,-16.538141188265893,59.7461330981686,14.265883928554318,35.518664868814106,-0.08302438111121324
random_forest,3,overall,all,3939,42.25400272441543,22.808049370486483,0.7983785387830427,31.891235016775966,-6.815640432695796,42.401818256050554,0.003486065874404587
random_forest,3,season,monsoon (wet),979,22.591483641716014,14.924692296748047,0.7339436767110745,29.96911315448146,-1.530410283227338,24.03903872961484,0.06021684578075559
random_forest,3,season,dry,2960,46.979855818532805,25.415416456699294,0.7935848099449166,32.52696383542,-8.563694593617967,46.9194392952834,-0.0012876650735142992
random_forest,3,pollution,observed > 65 ug/m3,1830,54.58218672576618,35.02095215152345,0.662588979641964,23.568497493316602,-22.859027307246212,49.64839763756875,-0.09937458856605774
random_forest,3,pollution,observed <= 65 ug/m3,2109,27.377295471844306,12.210793756784414,-1.260686259371636,39.11295605420159,7.105363825448944,34.91574224364772,0.215903952984843
random_forest,3,pollution,observed > 35 ug/m3,2450,48.940065360311216,29.868583190165868,0.7323199687188839,24.058127775127023,-15.876970845681017,46.08553715314467,-0.06193978379118814
random_forest,3,pollution,observed <= 35 ug/m3,1489,27.966989146914113,11.190649868663446,-8.270117898514224,44.77982651579539,8.093868977521657,35.518664868814106,0.21261147483419263
xgboost,3,overall,all,3939,44.51029321324225,23.05150089143979,0.7762711674738044,31.535471738134373,-5.526805496991391,42.401818256050554,-0.04972605053064738
xgboost,3,season,monsoon (wet),979,22.156815545508575,14.455020645322222,0.7440832196107694,28.885066248902348,-0.10708159217065157,24.03903872961484,0.07829860441913039
xgboost,3,season,dry,2960,49.73985910585912,25.894728648517194,0.7686191585652349,32.41207544555267,-7.3193425587547365,46.9194392952834,-0.06011196751149672
xgboost,3,pollution,observed > 65 ug/m3,1830,57.67483316551461,35.35356090143248,0.6232700955761523,23.207123654373323,-20.639778762740765,49.64839763756875,-0.16166555034743535
xgboost,3,pollution,observed <= 65 ug/m3,2109,28.529028188738014,12.376882675087675,-1.4548963749317307,38.762061113801856,7.5868697407143255,34.91574224364772,0.18291789446554452
xgboost,3,pollution,observed > 35 ug/m3,2450,51.78021021397489,30.253789646855356,0.7003498476987646,23.837665625584183,-13.794637028193817,46.08553715314467,-0.12356746633779103
xgboost,3,pollution,observed <= 35 ug/m3,1489,28.798386192042802,11.20085787547732,-8.829470703508065,44.20143881385496,8.077081172885002,35.518664868814106,0.18920414665337848
lightgbm,3,overall,all,3939,44.56646811709285,23.02689079691255,0.7757060902508528,31.46143691146618,-5.103255831042738,42.401818256050554,-0.051050873525533724
lightgbm,3,season,monsoon (wet),979,22.155349687119745,14.469209707016667,0.744117080555214,28.657125636083407,0.011435972849540005,24.03903872961484,0.07835958266394771
lightgbm,3,season,dry,2960,49.80696683120558,25.857285995226086,0.7679943913524865,32.38894391774988,-6.794905586451704,46.9194392952834,-0.06154224302958489
lightgbm,3,pollution,observed > 65 ug/m3,1830,57.95750776281414,35.441350014701236,0.6195682056459877,23.178894645045343,-19.58645221128501,49.64839763756875,-0.16735907945915085
lightgbm,3,pollution,observed <= 65 ug/m3,2109,28.193775855907873,12.25474268474883,-1.3975390737267186,38.64828012983988,7.463955821799066,34.91574224364772,0.1925196474654004
lightgbm,3,pollution,observed > 35 ug/m3,2450,51.896894414105695,30.232596130249842,0.6989978318019066,23.721359609681603,-13.135824102359743,46.08553715314467,-0.1260993712984093
lightgbm,3,pollution,observed <= 35 ug/m3,1489,28.682383385671148,11.17062614501439,-8.750441992260118,44.19695698491965,8.113528765818685,35.518664868814106,0.1924701141890418
lstm_h64_l1,3,overall,all,3939,41.67061877237806,23.580543872063352,0.8039075174642374,34.19658435857775,-6.612595355207902,42.401818256050554,0.017244531337241686
lstm_h64_l1,3,season,monsoon (wet),979,22.403937033113916,15.155988118047961,0.7383427541858594,30.962934046032327,-0.6376775410582205,24.03903872961484,0.06801859736955973
lstm_h64_l1,3,season,dry,2960,46.31138467159294,26.36690876502993,0.7994171364569259,35.26609235046356,-8.588759051171598,46.9194392952834,0.01295954582627723
lstm_h64_l1,3,pollution,observed > 65 ug/m3,1830,53.47813763637754,35.74096298118093,0.676100743677229,24.293594562781742,-22.804194880561916,49.64839763756875,-0.07713723264073358
lstm_h64_l1,3,pollution,observed <= 65 ug/m3,2109,27.596990490525673,13.028828855617089,-1.2971145686807097,42.78950580300956,7.437014474757889,34.91574224364772,0.2096118049575062
lstm_h64_l1,3,pollution,observed > 35 ug/m3,2450,48.22722061256738,30.61129988749711,0.7400610550484197,25.003287295715566,-15.711871623944756,46.08553715314467,-0.04647192138188139
lstm_h64_l1,3,pollution,observed <= 35 ug/m3,1489,27.687576614120257,12.012140757346957,-8.08581145852345,49.323231641326146,8.359350150772816,35.518664868814106,0.22047811435529652
persistence,6,overall,all,3921,60.27394741981769,34.92527416475389,0.5911523196801742,48.81684994180804,0.34787044121397603,60.27394741981769,0.0
persistence,6,season,monsoon (wet),970,33.12492754320027,22.504123711340206,0.4284932838112069,44.786623116589496,0.05257731958762887,33.12492754320027,0.0
persistence,6,season,dry,2951,66.83139058762204,39.008132836326666,0.5833074602104551,50.14159410326583,0.44493392070484583,66.83139058762204,0.0
persistence,6,pollution,observed > 65 ug/m3,1821,67.28666941812364,46.29654036243822,0.48837833054735746,34.771795752253524,-16.328390993959363,67.28666941812364,0.0
persistence,6,pollution,observed <= 65 ug/m3,2100,53.4532372399331,25.064761904761905,-7.623767217260895,60.995918360464586,14.808571428571428,53.4532372399331,0.0
persistence,6,pollution,observed > 35 ug/m3,2438,62.11472885400897,41.332239540607056,0.5702225863682472,38.15277402589527,-10.723543888433142,62.11472885400897,0.0
persistence,6,pollution,observed <= 35 ug/m3,1483,57.11898595895323,24.392447741065407,-37.58105784043471,66.3482168217779,18.548887390424813,57.11898595895323,0.0
seasonal_naive,6,overall,all,3921,96.24351977244618,66.48150981892374,-0.04242606755371048,85.85451222123702,0.4651874521805662,60.27394741981769,-0.5967681542755887
seasonal_naive,6,season,monsoon (wet),970,50.29660479205577,37.843298969072166,-0.3176158292582063,71.82395372951471,-1.245360824742268,33.12492754320027,-0.518391390485635
seasonal_naive,6,season,dry,2951,107.126040151225,75.89495086411387,-0.07064337311904056,90.46638675087803,1.0274483226025077,66.83139058762204,-0.6029299885773438
seasonal_naive,6,pollution,observed > 65 ug/m3,1821,99.51001318348894,76.94453596924767,-0.11898543618688895,68.15318069754312,-48.04063701263042,67.28666941812364,-0.47889640019373525
seasonal_naive,6,pollution,observed <= 65 ug/m3,2100,93.31848691443727,57.40857142857143,-25.283571460922555,101.20409541392586,42.526666666666664,53.4532372399331,-0.7457967324890511
seasonal_naive,6,pollution,observed > 35 ug/m3,2438,91.3557623121235,68.4487284659557,0.07033540389209958,71.45807830443886,-34.11074651353569,62.11472885400897,-0.4707584496881736
seasonal_naive,6,pollution,observed <= 35 ug/m3,1483,103.77972808905749,63.24747134187458,-126.36151330399748,109.52174478304009,57.306810519217805,57.11898595895323,-0.8169042455276698
climatology,6,overall,all,3921,93.60657621241802,70.48122541068103,0.013913553779440924,83.94192122359871,5.789194039152395,60.27394741981769,-0.5530188451145108
climatology,6,season,monsoon (wet),970,43.48240208991532,35.95270771889801,0.015221587101717504,67.65533616404565,5.692926811521237,33.12492754320027,-0.31267916082856995
climatology,6,season,dry,2951,104.98027703675805,81.83082288985067,-0.028182383823373236,89.2953565024081,5.8208372823927315,66.83139058762204,-0.5708228740073775
climatology,6,pollution,observed > 65 ug/m3,1821,111.83655182667906,75.21424488751663,-0.41337824812580415,48.23626018046002,-63.92560612876832,67.28666941812364,-0.6620907646909913
climatology,6,pollution,observed <= 65 ug/m3,2100,74.25999967378915,66.37702137862505,-15.64404520790995,114.90383015672043,66.2418850419065,53.4532372399331,-0.3892516806879569
climatology,6,pollution,observed > 35 ug/m3,2438,99.38569023881612,65.84593757098385,-0.10027720867539114,49.132808887829505,-38.19731714918179,62.11472885400897,-0.6000341959538575
climatology,6,pollution,observed <= 35 ug/m3,1483,83.23843490681529,78.10147608713537,-80.93339775531321,141.1668813548228,78.10147608713537,57.11898595895323,-0.4572813839277885
sarimax,6,overall,all,3915,56.65704460884217,35.37176709264027,0.6392575897411015,52.796760590169626,-2.091092957311288,60.27394741981769,0.060007730799232606
sarimax,6,season,monsoon (wet),964,31.165710684365514,22.29905631235211,0.49703381984751505,46.13961577814221,4.851781946610518,33.12492754320027,0.05914629869845367
sarimax,6,season,dry,2951,62.7800979126313,39.6422154803725,0.6322957013191761,54.9714429347289,-4.359114444054975,66.83139058762204,0.06061960763301977
sarimax,6,pollution,observed > 65 ug/m3,1820,66.66917693473339,45.832727891571324,0.49779304290280857,32.32037666215737,-31.052800286824077,67.28666941812364,0.00917704039641365
sarimax,6,pollution,observed <= 65 ug/m3,2095,46.23140403636066,26.283963439153645,-5.49313781313499,70.58531369230914,23.068958278828703,53.4532372399331,0.1351056283299762
sarimax,6,pollution,observed > 35 ug/m3,2432,60.22826367504351,39.47103381131075,0.596379510340593,32.34233065725962,-20.599907309014846,62.11472885400897,0.030370657874065787
sarimax,6,pollution,observed <= 35 ug/m3,1483,50.25416094603479,28.64930137463178,-28.864634664373146,86.34037056780761,28.261864900640877,57.11898595895323,0.12018464434665621
ridge,6,overall,all,3921,82.4683670319321,42.85477439013218,0.23462009009144347,52.05922810277731,-2.927625719254964,60.27394741981769,-0.3682257519575869
ridge,6,season,monsoon (wet),970,32.949621635397754,23.619354655072954,0.4345264074454107,47.97119392409398,-4.538909060103804,33.12492754320027,0.005292265396622864
ridge,6,season,dry,2951,93.16480355050561,49.17749792215776,0.1902359823152171,53.40297366473015,-2.397993445238231,66.83139058762204,-0.39402760785529467
ridge,6,pollution,observed > 65 ug/m3,1821,108.62034500672317,66.89162151016383,-0.3332550040266691,44.30720384450002,-26.869415270995564,67.28666941812364,-0.6142921910987962
ridge,6,pollution,observed <= 65 ug/m3,2100,49.67511571689013,22.011394101761887,-6.4477789051397245,58.781340566740624,17.833326077754382,53.4532372399331,0.07068087394004385
ridge,6,pollution,observed > 35 ug/m3,2438,95.70072861105683,54.55330440022343,-0.020198989430104675,40.64438777793944,-18.38834394468728,62.11472885400897,-0.5407091100081356
ridge,6,pollution,observed <= 35 ug/m3,1483,54.08533338358968,23.622801251492636,-33.59172150775419,70.82482534617226,22.48925292781448,57.11898595895323,0.05311110700640931
random_forest,6,overall,all,3921,61.713548587294724,35.48093246325167,0.5713890054796968,45.76562765745737,-15.006146311255316,60.27394741981769,-0.023884302075820374
random_forest,6,season,monsoon (wet),970,31.019419858566177,20.881182964047465,0.4988372232695737,40.50864705443417,-3.045825896578475,33.12492754320027,0.06356263517522176
random_forest,6,season,dry,2951,68.8779059078822,40.27990129220051,0.5573967492940961,47.49360840463884,-18.93752916528328,66.83139058762204,-0.030622066999743014
random_forest,6,pollution,observed > 65 ug/m3,1821,82.58104903254349,54.874067132928054,0.22935980445746484,37.693251237909735,-47.18657561668388,67.28666941812364,-0.22730177829696996
random_forest,6,pollution,observed <= 65 ug/m3,2100,34.605437936782174,18.66431425683228,-2.614412371666086,52.765531209836546,12.898883100737748,53.4532372399331,0.3526035143306602
random_forest,6,pollution,observed > 35 ug/m3,2438,72.80016245461421,45.629644760575374,0.40963704570591997,36.453201346312945,-33.74055716691347,62.11472885400897,-0.1720273725370305
random_forest,6,pollution,observed <= 35 ug/m3,1483,36.836321509731995,18.796805301501692,-15.045958456661861,61.07492998151005,15.792568230952762,57.11898595895323,0.3550949672635424
xgboost,6,overall,all,3921,62.678816736198016,35.026262168990655,0.5578762483783235,44.99284139165948,-13.155802821481346,60.27394741981769,-0.0398989848736806
xgboost,6,season,monsoon (wet),970,30.176063756208965,20.425169598196206,0.5257180008577943,39.78445605410723,-2.308809663932735,33.12492754320027,0.08902249772910475
xgboost,6,season,dry,2951,70.14748755266635,39.825672468438505,0.5409299384241728,46.704848771336096,-16.721232629282824,66.83139058762204,-0.04961885329464466
xgboost,6,pollution,observed > 65 ug/m3,1821,82.81118258024358,53.40964257706767,0.2250586414077731,36.13031758298827,-43.866776306202844,67.28666941812364,-0.23072197355541002
xgboost,6,pollution,observed <= 65 ug/m3,2100,37.26556637800759,19.08524515798673,-3.1914515768477436,52.67791560860723,13.474998471698585,53.4532372399331,0.30283798882497337
xgboost,6,pollution,observed > 35 ug/m3,2438,73.28614680252561,44.73176117365242,0.4017286899124707,35.47919499135903,-30.93201145158673,62.11472885400897,-0.17985135175866773
xgboost,6,pollution,observed <= 35 ug/m3,1483,39.46728181382512,19.070762119519717,-17.419913534586573,60.63294248669151,16.067660860377686,57.11898595895323,0.3090339201366943
lightgbm,6,overall,all,3921,63.34765646903566,35.6588159253835,0.5483901829491498,45.61267634635632,-14.453866860856655,60.27394741981769,-0.050995648713848096
lightgbm,6,season,monsoon (wet),970,30.98860325254352,20.932696993042843,0.4998325007012775,40.20836506351414,-2.4799909115664294,33.12492754320027,0.06449294984481513
lightgbm,6,season,dry,2951,70.82607042224532,40.49932265678655,0.5320052043921123,47.38908500252605,-18.38970544805134,66.83139058762204,-0.059772508090878196
lightgbm,6,pollution,observed > 65 ug/m3,1821,85.89465926150966,55.99377074459097,0.16627430007876154,38.27887594918934,-45.46110121775733,67.28666941812364,-0.276547940391503
lightgbm,6,pollution,observed <= 65 ug/m3,2100,33.09106465492311,18.025505103585008,-2.30499252127263,51.9721289764711,12.433834931484359,53.4532372399331,0.38093432009760686
lightgbm,6,pollution,observed > 35 ug/m3,2438,75.54852909729124,46.35879797599721,0.3642206370049209,36.788312558567654,-32.4205095131337,62.11472885400897,-0.21627398993975055
lightgbm,6,pollution,observed <= 35 ug/m3,1483,35.02817046803806,18.06842061898009,-13.509353536397622,60.1196209954654,15.082663676062728,57.11898595895323,0.38675083459622417
gru_h128_l1,6,overall,all,3921,59.527923652608294,35.813259279034874,0.6012104795168967,48.237480336559834,-14.745577018554508,60.27394741981769,0.012377217672723817
gru_h128_l1,6,season,monsoon (wet),970,30.537249729714713,20.807173661497927,0.5142964184811895,40.58267804829688,0.5877270279913684,33.12492754320027,0.07811874637645044
gru_h128_l1,6,season,dry,2951,66.34629927695666,40.74579165755429,0.5893345783204875,50.75363019071607,-19.785666793257832,66.83139058762204,0.007258435091656246
gru_h128_l1,6,pollution,observed > 65 ug/m3,1821,77.71564681700045,54.675300099115454,0.3174919180642781,40.56026650657345,-45.34119388619151,67.28666941812364,-0.15499321766203766
gru_h128_l1,6,pollution,observed <= 65 ug/m3,2100,37.135653067726544,19.457175310764992,-3.162278468594664,54.89472147199087,11.78519360809643,53.4532372399331,0.30526839934806127
gru_h128_l1,6,pollution,observed > 35 ug/m3,2438,69.0220126363803,45.881065883172134,0.4693237662707791,39.538106338537425,-32.85315071344251,62.11472885400897,-0.11120202743870644
gru_h128_l1,6,pollution,observed <= 35 ug/m3,1483,39.20679526509171,19.262138240001388,-17.177570739618158,62.538946153942575,15.022639210802842,57.11898595895323,0.3135943398353317
persistence,12,overall,all,3885,77.99956769836972,48.95032175032175,0.32056532281169736,65.32411230690278,0.6465894465894466,77.99956769836972,0.0
persistence,12,season,monsoon (wet),952,42.61562373771645,29.847689075630253,0.06598903130110745,57.72339789544765,-0.15441176470588236,42.61562373771645,0.0
persistence,12,season,dry,2933,86.4245244802652,55.15069894306171,0.3068216942305485,67.79116996790013,0.9065802932151381,86.4245244802652,0.0
persistence,12,pollution,observed > 65 ug/m3,1806,82.50704859315113,59.99889258028793,0.23186289277879812,49.059671999986186,-29.916943521594686,82.50704859315113,0.0
persistence,12,pollution,observed <= 65 ug/m3,2079,73.86104890572936,39.35257335257335,-15.650558891171215,79.45281802806264,27.196729196729198,73.86104890572936,0.0
persistence,12,pollution,observed > 35 ug/m3,2409,76.55287908350302,53.8692403486924,0.3509530749566713,52.63599402003651,-20.219593192195934,76.55287908350302,0.0
persistence,12,pollution,observed <= 35 ug/m3,1476,80.30476754873841,40.922086720867206,-75.12129990373903,86.03256552713366,34.702574525745256,80.30476754873841,0.0
seasonal_naive,12,overall,all,3885,96.62185310157582,66.82187902187903,-0.04259116998180912,85.922250304118,0.6844272844272844,77.99956769836972,-0.23874857198208987
seasonal_naive,12,season,monsoon (wet),952,50.70812632734769,38.26365546218487,-0.3224199885473529,72.39106737591744,-1.209033613445378,42.61562373771645,-0.18989520461879517
seasonal_naive,12,season,dry,2933,107.3844005354121,76.09137401977497,-0.0701714459045748,90.31423330706617,1.2990112512785543,86.4245244802652,-0.2425223185339367
seasonal_naive,12,pollution,observed > 65 ug/m3,1806,99.82945590245762,77.2469545957918,-0.12453777782962594,68.03689444462377,-48.18826135105205,82.50704859315113,-0.2099506357902181
seasonal_naive,12,pollution,observed <= 65 ug/m3,2079,93.74641375215423,57.765752765752765,-25.82299074367671,101.4590240810524,43.13949013949014,73.86104890572936,-0.26922667821580815
seasonal_naive,12,pollution,observed > 35 ug/m3,2409,91.79354892769184,68.86259858862599,0.06679434680225693,71.36577513261048,-34.202573682025736,76.55287908350302,-0.19908682764974106
seasonal_naive,12,pollution,observed <= 35 ug/m3,1476,104.02192219961609,63.49119241192412,-126.72422814804773,109.68007461859064,57.6239837398374,80.30476754873841,-0.2953393101659041
climatology,12,overall,all,3885,93.97858106629761,70.85813563236992,0.013672630493785087,84.26576524874919,5.696111845417489,77.99956769836972,-0.20486028114565902
climatology,12,season,monsoon (wet),952,43.69118393607838,36.17703718305107,0.018247751873354257,68.00787308191936,5.474124116733908,42.61562373771645,-0.02523863559950712
climatology,12,season,dry,2933,105.25718410696139,82.11500768274549,-0.028192566296270094,89.54278991387774,5.768165141601176,86.4245244802652,-0.21790874453693476
climatology,12,pollution,observed > 65 ug/m3,1806,112.21503682381979,75.59222009734589,-0.4208844263437639,48.38035735547372,-64.43580703890774,82.50704859315113,-0.3600660638966875
climatology,12,pollution,observed <= 65 ug/m3,2079,74.6022915314423,66.74569862239079,-15.98643374292189,115.4389478631097,66.61878885604345,73.86104890572936,-0.010035636329224218
climatology,12,pollution,observed > 35 ug/m3,2409,99.88075628503358,66.28681733496165,-0.10488399722516561,49.295651487404726,-38.80013260788192,76.55287908350302,-0.30472893352691255
climatology,12,pollution,observed <= 35 ug/m3,1476,83.45371463409279,78.31904740639196,-81.20815137726461,141.34097124541506,78.31904740639196,80.30476754873841,-0.0392124550194759
sarimax,12,overall,all,3873,71.3014762889257,49.429298498556236,0.43388321107058847,67.7864478481637,-4.035883518874694,77.99956769836972,0.08587344272658082
sarimax,12,season,monsoon (wet),940,38.845291251657876,30.133624653269408,0.23258565743008264,58.79009022153016,9.029559448421482,42.61562373771645,0.08847300955310633
sarimax,12,season,dry,2933,78.92805414308312,55.613387627287786,0.4218590164226501,70.66969918435036,-8.223239942079061,86.4245244802652,0.08674008196474237
sarimax,12,pollution,observed > 65 ug/m3,1800,85.06099653477776,61.02344637828343,0.18402067567217606,42.856554798809924,-52.06248102539835,82.50704859315113,-0.030954300089200304
sarimax,12,pollution,observed <= 65 ug/m3,2073,56.70769100858393,39.36202103424899,-8.881376985204648,89.4332435494839,37.665937760306484,73.86104890572936,0.23223821149681578
sarimax,12,pollution,observed > 35 ug/m3,2397,75.91347411648235,51.43246008263189,0.36330418618791516,40.25621311632373,-34.92718812229392,76.55287908350302,0.008352461392382216
sarimax,12,pollution,observed <= 35 ug/m3,1476,63.09745311673674,46.17619665775047,-45.99451767376445,112.49510140657861,46.1310928594423,80.30476754873841,0.214275129076966
ridge,12,overall,all,3885,75.82549696932577,49.64209588508027,0.35791304267530344,64.81918107110043,-18.836256626127277,77.99956769836972,0.027872856134937063
ridge,12,season,monsoon (wet),952,38.22016535309196,27.86989833101379,0.2487241974872617,54.82827382240737,-4.1961082447622955,42.61562373771645,0.10314194652357844
ridge,12,season,dry,2933,84.50769412401306,56.70896669021881,0.3372290442291118,68.06205311363567,-23.588190229625216,86.4245244802652,0.02217924099414459
ridge,12,pollution,observed > 65 ug/m3,1806,100.11868474315618,75.57416934940242,-0.13106330509010222,57.84816511900327,-67.25201100758214,82.50704859315113,-0.21345614041837124
ridge,12,pollution,observed <= 65 ug/m3,2079,45.127878825902805,27.115244188800446,-5.215666652802167,70.87481109009394,23.221873442611287,73.86104890572936,0.38901654533094154
ridge,12,pollution,observed > 35 ug/m3,2409,87.89648378633484,60.97082856025861,0.1443502200626835,51.07010373313208,-49.04797967351063,76.55287908350302,-0.14817998798527676
ridge,12,pollution,observed <= 35 ug/m3,1476,50.23925263660495,31.152314709941674,-28.792700977667092,87.25924022229674,30.47271411990694,80.30476754873841,0.3743926522654605
random_forest,12,overall,all,3885,78.75217337050731,48.58021258944245,0.30739054869741655,61.72316827027875,-24.576507252239203,77.99956769836972,-0.009648844145495383
random_forest,12,season,monsoon (wet),952,37.790909192799965,26.30894927809828,0.26550480525956477,51.277754228982644,-3.9441806042630803,42.61562373771645,0.11321468798886603
random_forest,12,season,dry,2933,88.04192409183356,55.809071325344156,0.2806338215951787,65.11356519060396,-31.273396092632403,86.4245244802652,-0.01871459080966864
random_forest,12,pollution,observed > 65 ug/m3,1806,108.59439014816716,76.51303130276663,-0.33067323918290303,54.89253303755972,-74.31325656084275,82.50704859315113,-0.31618318676813684
random_forest,12,pollution,observed <= 65 ug/m3,2079,36.677218150531985,24.315339767766915,-3.1057325030448,67.65685140173161,18.629153763315394,73.86104890572936,0.5034294977675716
random_forest,12,pollution,observed > 35 ug/m3,2409,94.81606796792579,61.63555616394857,0.0043265619510395315,49.63486429657112,-55.03852667976452,76.55287908350302,-0.2385695888002004
random_forest,12,pollution,observed <= 35 ug/m3,1476,40.63587749424254,27.2724059017831,-18.491390485956686,81.4526562598869,25.140975675205567,80.30476754873841,0.4939792650594512
xgboost,12,overall,all,3885,75.75082240401578,47.09129772180241,0.35917710177028583,60.67783824792432,-22.024079760569677,77.99956769836972,0.028830227662927643
xgboost,12,season,monsoon (wet),952,37.347893040832865,26.197309554015433,0.2826245823710155,50.676910497181794,-2.8108492186920615,42.61562373771645,0.12361031553367696
xgboost,12,season,dry,2933,84.5455658320061,53.87311727029652,0.33663487602598197,63.923962768451744,-28.2603550677185,86.4245244802652,0.02174103542436212
xgboost,12,pollution,observed > 65 ug/m3,1806,103.47823388875175,72.91989517791082,-0.20824402780845586,52.68934667835396,-69.69017670320103,82.50704859315113,-0.25417446937183774
xgboost,12,pollution,observed <= 65 ug/m3,2079,37.69877313900742,24.65433427508199,-3.337628039803273,67.61733597502587,19.38283273504947,73.86104890572936,0.4895987303521335
xgboost,12,pollution,observed > 35 ug/m3,2409,90.48135813013573,59.1894239885979,0.09328403902568982,48.243250723564906,-50.93281872261485,76.55287908350302,-0.18194585511852135
xgboost,12,pollution,observed <= 35 ug/m3,1476,41.733054204437394,27.345778631890273,-19.558142695217104,80.97250040658412,25.15827265106096,80.30476754873841,0.480316605373288
lightgbm,12,overall,all,3885,79.14755011044403,48.379490997806506,0.3004185739892321,61.68962915727203,-24.862059993331297,77.99956769836972,-0.014717804802632406
lightgbm,12,season,monsoon (wet),952,37.48896934528545,26.274847808855117,0.2771947812427483,50.664353848212954,-3.2412055161790123,42.61562373771645,0.12029987931148634
lightgbm,12,season,dry,2933,88.55197155593348,55.55426778467378,0.27227476540284423,65.26823880412653,-31.879807508588367,86.4245244802652,-0.02461624276745744
lightgbm,12,pollution,observed > 65 ug/m3,1806,109.50863548534113,77.00267980734444,-0.3531731649855241,55.91897846773001,-73.81247004197186,82.50704859315113,-0.3272640017138051
lightgbm,12,pollution,observed <= 65 ug/m3,2079,35.89797133145714,23.514902739015977,-2.933124435459442,66.702517635056,17.660518432760497,73.86104890572936,0.5139796704312365
lightgbm,12,pollution,observed > 35 ug/m3,2409,95.68688853540782,62.1783756777534,-0.014046580285763888,50.60047469959883,-54.42412142804105,76.55287908350302,-0.24994500116754126
lightgbm,12,pollution,observed <= 35 ug/m3,1476,39.30444464837335,25.858140595372845,-17.235046115660364,79.78839141237682,23.386589055595397,80.30476754873841,0.5105590135166163
gru_h128_l1,12,overall,all,3885,73.71234426480072,47.05190720038795,0.3932025265082878,62.64178537489056,-18.165326101794495,77.99956769836972,0.05496470762694505
gru_h128_l1,12,season,monsoon (wet),952,37.69524555281173,26.961813739393317,0.2692186905231445,51.838745952988354,0.02572137423163476,42.61562373771645,0.11545949004965517
gru_h128_l1,12,season,dry,2933,82.07266110663132,53.57279672472035,0.37487337693402245,66.14826117770369,-24.069818838643076,86.4245244802652,0.05035449601608888
gru_h128_l1,12,pollution,observed > 65 ug/m3,1806,97.31719865302874,69.22163591627555,-0.06865085966929185,52.913917352031625,-62.468178714126545,82.50704859315113,-0.17950163425318544
gru_h128_l1,12,pollution,observed <= 65 ug/m3,2079,43.892027615459476,27.79335498254621,-4.879889459380429,71.09225658666699,20.319980207908085,73.86104890572936,0.405748655539946
gru_h128_l1,12,pollution,observed > 35 ug/m3,2409,86.02612223753397,57.49836521786344,0.18037776254873317,49.794446717796234,-45.71786980694571,76.55287908350302,-0.12374770573550409
gru_h128_l1,12,pollution,observed <= 35 ug/m3,1476,47.150481524405734,30.00209868812614,-25.241931773206034,83.6101043619774,26.803561286897413,80.30476754873841,0.4128557623208453
persistence,24,overall,all,3813,97.29176691674544,67.28140571728298,-0.04038568110418428,85.88920245493287,0.9205350118017309,97.29176691674544,0.0
persistence,24,season,monsoon (wet),916,50.84287380345339,38.198689956331876,-0.28828858009177494,71.93861642183138,-1.5087336244541485,50.84287380345339,0.0
persistence,24,season,dry,2897,107.89479847904289,76.47704521919226,-0.06851721628277141,90.300226551005,1.6886434242319641,107.89479847904289,0.0
persistence,24,pollution,observed > 65 ug/m3,1777,100.39195834861086,77.69893078221722,-0.13188217488603948,67.54019679857254,-48.223410241980865,100.39195834861086,0.0
persistence,24,pollution,observed <= 65 ug/m3,2036,94.50286894949622,58.18909626719057,-26.852976508544277,101.90402713634367,43.81286836935167,94.50286894949622,0.0
persistence,24,pollution,observed > 35 ug/m3,2349,92.67155917512619,69.62452107279694,0.059967685639720325,71.07220432001145,-34.46913580246913,92.67155917512619,0.0
persistence,24,pollution,observed <= 35 ug/m3,1464,104.2780737579414,63.521857923497265,-129.74201896631484,109.66319741321873,57.70355191256831,104.2780737579414,0.0
seasonal_naive,24,overall,all,3813,97.29176691674544,67.28140571728298,-0.04038568110418428,85.88920245493287,0.9205350118017309,97.29176691674544,0.0
seasonal_naive,24,season,monsoon (wet),916,50.84287380345339,38.198689956331876,-0.28828858009177494,71.93861642183138,-1.5087336244541485,50.84287380345339,0.0
seasonal_naive,24,season,dry,2897,107.89479847904289,76.47704521919226,-0.06851721628277141,90.300226551005,1.6886434242319641,107.89479847904289,0.0
seasonal_naive,24,pollution,observed > 65 ug/m3,1777,100.39195834861086,77.69893078221722,-0.13188217488603948,67.54019679857254,-48.223410241980865,100.39195834861086,0.0
seasonal_naive,24,pollution,observed <= 65 ug/m3,2036,94.50286894949622,58.18909626719057,-26.852976508544277,101.90402713634367,43.81286836935167,94.50286894949622,0.0
seasonal_naive,24,pollution,observed > 35 ug/m3,2349,92.67155917512619,69.62452107279694,0.059967685639720325,71.07220432001145,-34.46913580246913,92.67155917512619,0.0
seasonal_naive,24,pollution,observed <= 35 ug/m3,1464,104.2780737579414,63.521857923497265,-129.74201896631484,109.66319741321873,57.70355191256831,104.2780737579414,0.0
climatology,24,overall,all,3813,94.90594771582433,71.80473250614666,0.010014016846147111,85.109939353711,5.624883241920112,97.29176691674544,0.024522313413864905
climatology,24,season,monsoon (wet),916,44.13709854181522,36.597290661526685,0.029131216908577118,68.90445868504268,4.8677416447698825,50.84287380345339,0.13189213669473365
climatology,24,season,dry,2897,106.01479015494621,82.93694401103856,-0.03160496511145827,90.23393669320018,5.864283208433617,107.89479847904289,0.01742445744001131
climatology,24,pollution,observed > 65 ug/m3,1777,112.99102063827414,76.36664465503502,-0.43380876721235806,48.69998782848919,-65.48555643391408,100.39195834861086,-0.12549872018546604
climatology,24,pollution,observed <= 65 ug/m3,2036,75.66766878143555,67.82314218759329,-16.856746563771452,116.888173076854,67.68934851891294,94.50286894949622,0.1993082366433392
climatology,24,pollution,observed > 35 ug/m3,2349,100.98384684858361,67.28007841263542,-0.1162299324757412,49.65961469036974,-40.14596043133894,92.67155917512619,-0.08969621043873088
climatology,24,pollution,observed <= 35 ug/m3,1464,84.24259017848453,79.06457708651405,-84.32820500915555,141.9902758524737,79.06457708651405,104.2780737579414,0.19213515226570865
sarimax,24,overall,all,3789,85.14895838787793,62.628292301494696,0.20702057197805135,79.84476516269973,-7.35743931660851,97.29176691674544,0.12480818175764419
sarimax,24,season,monsoon (wet),892,45.14267661196275,37.499124143888764,-0.009131864053264938,68.86533781879733,12.592401314732093,50.84287380345339,0.11211398501049064
sarimax,24,season,dry,2897,94.10256928428834,70.36568201381243,0.1872004211327336,83.2253827639289,-13.500089590393744,107.89479847904289,0.12783034390145798
sarimax,24,pollution,observed > 65 ug/m3,1763,106.44143423831805,77.35634951465991,-0.2683392821175299,52.87476641014648,-72.55339374992005,100.39195834861086,-0.060258570399637
sarimax,24,pollution,observed <= 65 ug/m3,2026,60.83150956454522,49.812120106622885,-10.500010583617648,103.31372261618017,49.375269304284004,94.50286894949622,0.35629986432417715
sarimax,24,pollution,observed > 35 ug/m3,2334,93.86522079334453,63.86769116144947,0.040034049725204746,48.143760975380886,-49.74667777642244,92.67155917512619,-0.01288056043130359
sarimax,24,pollution,observed <= 35 ug/m3,1455,68.90120063650853,60.6401432024332,-56.13951900869705,130.69709765287308,60.6401432024332,104.2780737579414,0.3392551458473666
ridge,24,overall,all,3813,90.31964139276629,60.77098808411975,0.10338377371548968,79.5005521940616,-30.118927716394673,97.29176691674544,0.07166203004561889
ridge,24,season,monsoon (wet),916,42.38421157695666,31.970862523440804,0.10471523488262946,62.8150267451429,-5.820791776641103,50.84287380345339,0.16636868834747476
ridge,24,season,dry,2897,100.84138657020625,69.87727562764128,0.06662078652459125,84.77633448995718,-37.801734937939116,107.89479847904289,0.06537304863873183
ridge,24,pollution,observed > 65 ug/m3,1777,125.71372591856355,96.1405623751712,-0.7748790570029509,74.6809522879178,-94.64156703485455,100.39195834861086,-0.252229042908227
ridge,24,pollution,observed <= 65 ug/m3,2036,38.5230093429668,29.90078498235234,-3.6283057231331703,83.70704975458099,26.195772710375067,94.50286894949622,0.5923614830830788
ridge,24,pollution,observed > 35 ug/m3,2349,109.74925348660699,76.3013660718299,-0.31841760274456155,63.42062426545224,-71.04633857086777,92.67155917512619,-0.184281935725374
ridge,24,pollution,observed <= 35 ug/m3,1464,43.82345778981043,35.852369304658566,-22.090985575186508,105.30092835820324,35.54943847018822,104.2780737579414,0.5797442721128802
random_forest,24,overall,all,3813,93.72705358025209,60.62332250191719,0.03445590019280842,78.68488075454196,-31.75519842779594,97.29176691674544,0.03663941409907534
random_forest,24,season,monsoon (wet),916,42.27048280052961,31.350493230267404,0.1095133911640006,60.3636737020018,-4.669387335650473,50.84287380345339,0.1686055559342029
random_forest,24,season,dry,2897,104.8686885745803,69.87907383530731,-0.009420642303642923,84.47784784467893,-40.319438317476724,107.89479847904289,0.02804685626295844
random_forest,24,pollution,observed > 65 ug/m3,1777,131.38068582940014,96.2855528381022,-0.9385027330901821,73.49823224187074,-95.91031630156535,100.39195834861086,-0.3086773880152929
random_forest,24,pollution,observed <= 65 ug/m3,2036,37.24091979373801,29.49769219376355,-3.3253616391356484,83.21173458902956,24.238733036687485,94.50286894949622,0.6059281563860233
random_forest,24,pollution,observed > 35 ug/m3,2349,114.71564251506845,76.80426212527536,-0.44043984757709076,63.91731705078293,-72.67130504509122,92.67155917512619,-0.23787323247992864
random_forest,24,pollution,observed <= 35 ug/m3,1464,42.013910528114515,34.66087224558632,-20.223421498855256,102.37955776282746,33.89503001757743,104.2780737579414,0.5970973665505122
xgboost,24,overall,all,3813,93.56847311156665,60.56927416378162,0.03772041984206631,78.35545171394695,-31.79483488191083,97.29176691674544,0.038269361562370374
xgboost,24,season,monsoon (wet),916,43.25160968358504,31.862323568004978,0.0676960447648276,60.867925333177006,-6.736353441821679,50.84287380345339,0.149308320950039
xgboost,24,season,dry,2897,104.55533634652676,69.64610079330575,-0.0033972687648058386,83.88481801176717,-39.71805510942953,107.89479847904289,0.030951094766303977
xgboost,24,pollution,observed > 65 ug/m3,1777,130.8062323268651,96.33062334472115,-0.921587839545275,73.95268518837192,-95.69374726173668,100.39195834861086,-0.30295528126506666
xgboost,24,pollution,observed <= 65 ug/m3,2036,38.245472081264595,29.35713394053527,-3.561857116992469,82.19814135832159,23.97548304488215,94.50286894949622,0.5952982961638598
xgboost,24,pollution,observed > 35 ug/m3,2349,114.21460411152513,76.73666592529662,-0.4278846360450064,63.998936141291075,-72.61044032001992,92.67155917512619,-0.232466628684729
xgboost,24,pollution,observed <= 35 ug/m3,1464,43.264913743810155,34.62856156282622,-21.506132492712666,101.3905986266304,33.694138597678126,104.2780737579414,0.5851005663545327
lightgbm,24,overall,all,3813,94.17128377333772,59.61618469217969,0.02528159474939462,77.63156221295162,-32.391194483720895,97.29176691674544,0.032073455363165415
lightgbm,24,season,monsoon (wet),916,41.644458424922405,29.257043392000398,0.13569422744611237,57.28301971360601,-5.100242608816153,50.84287380345339,0.180918478646386
lightgbm,24,season,dry,2897,105.46997015802205,69.21541611467337,-0.021029179839017642,84.06555079748756,-41.020297665430505,107.89479847904289,0.02247400574636438
lightgbm,24,pollution,observed > 65 ug/m3,1777,132.11589511086473,96.2164477773483,-0.960259248254006,75.15817492823538,-94.52746440984617,100.39195834861086,-0.31600077619855327
lightgbm,24,pollution,observed <= 65 ug/m3,2036,37.06921592212224,27.671848983758938,-3.285568356287266,79.79030936665535,21.84070711683148,94.50286894949622,0.6077450734121882
lightgbm,24,pollution,observed > 35 ug/m3,2349,115.5545674075668,77.09851134548995,-0.4615849932260876,65.51932371618243,-71.65720814812103,92.67155917512619,-0.2469259008494442
lightgbm,24,pollution,observed <= 35 ug/m3,1464,40.89754671348957,31.565648279183893,-19.110538555810663,97.06574816166126,30.611446293380155,104.2780737579414,0.6078030093994236
lstm_h64_l1,24,overall,all,3813,91.82977100422319,61.63735733356753,0.07315056911867934,79.01308163865049,-25.206711220276123,97.29176691674544,0.05614037123198923
lstm_h64_l1,24,season,monsoon (wet),916,41.97171565699349,32.33439863665062,0.12205679785186785,62.54739021766946,-3.7677543263583173,50.84287380345339,0.17448183949541707
lstm_h64_l1,24,season,dry,2897,102.67439136244236,70.90263526466033,0.032380121390737426,84.21935479764898,-31.9854770175936,107.89479847904289,0.048384233440266544
lstm_h64_l1,24,pollution,observed > 65 ug/m3,1777,125.08609449988948,91.21696212969294,-0.7572009700615185,68.19911693056743,-90.06970147836152,100.39195834861086,-0.24597723321153175
lstm_h64_l1,24,pollution,observed <= 65 ug/m3,2036,46.2228815946053,35.820580456006184,-5.663396547636419,88.45139955921216,31.40504402953613,94.50286894949622,0.51088382703696
lstm_h64_l1,24,pollution,observed > 35 ug/m3,2349,109.52147119849197,73.76779487674399,-0.31295058546872,60.33501516756588,-66.87522601909771,92.67155917512619,-0.18182398325168592
lstm_h64_l1,24,pollution,observed <= 35 ug/m3,1464,52.12537041146937,42.173970865724954,-31.668372210098177,108.98219239041124,41.65076231963637,104.2780737579414,0.5001310579205083
