Model,Window (h),h (hours),Params,Seeds,RMSE,MAE,R2,Skill
lstm_h64_l1,24,1,41537,5,21.46 ± 1.06,11.29 ± 0.66,0.948 ± 0.005,-0.0083 ± 0.0500
lstm_h64_l1,168,1,41537,5,21.46 ± 0.84,11.26 ± 0.42,0.948 ± 0.004,-0.0085 ± 0.0396
lstm_h64_l1,48,1,41537,5,21.79 ± 1.39,11.54 ± 0.92,0.946 ± 0.007,-0.0238 ± 0.0655
gru_h128_l1,48,1,86913,5,23.32 ± 1.29,11.88 ± 0.48,0.938 ± 0.007,-0.0959 ± 0.0604
gru_h128_l1,24,1,86913,5,23.49 ± 1.67,11.99 ± 0.84,0.937 ± 0.009,-0.1038 ± 0.0786
lstm_h64_l2,168,1,74817,5,23.72 ± 1.48,12.03 ± 0.57,0.936 ± 0.008,-0.1146 ± 0.0698
lstm_h64_l2,48,1,74817,5,23.73 ± 1.21,11.92 ± 0.31,0.936 ± 0.007,-0.1153 ± 0.0566
gru_h64_l2,48,1,56129,5,24.31 ± 1.10,12.15 ± 0.38,0.933 ± 0.006,-0.1426 ± 0.0519
lstm_h64_l2,24,1,74817,5,24.57 ± 2.12,12.57 ± 1.23,0.931 ± 0.012,-0.1546 ± 0.0994
gru_h128_l1,168,1,86913,5,24.58 ± 1.85,12.49 ± 0.76,0.931 ± 0.011,-0.1552 ± 0.0868
gru_h64_l2,24,1,56129,5,24.67 ± 1.31,12.36 ± 0.61,0.931 ± 0.007,-0.1593 ± 0.0615
gru_h64_l1,48,1,31169,5,24.94 ± 1.70,12.38 ± 0.74,0.929 ± 0.010,-0.1721 ± 0.0800
gru_h64_l2,168,1,56129,5,25.27 ± 0.24,12.58 ± 0.24,0.928 ± 0.001,-0.1876 ± 0.0112
lstm_h32_l1,48,1,16673,5,25.47 ± 0.63,12.30 ± 0.25,0.927 ± 0.004,-0.1972 ± 0.0296
gru_h32_l2,48,1,18849,5,25.59 ± 0.43,12.68 ± 0.10,0.926 ± 0.002,-0.2025 ± 0.0203
lstm_h32_l1,24,1,16673,5,25.82 ± 1.47,12.46 ± 0.42,0.924 ± 0.009,-0.2134 ± 0.0689
gru_h32_l2,24,1,18849,5,26.13 ± 0.98,12.82 ± 0.28,0.923 ± 0.006,-0.2280 ± 0.0462
lstm_h32_l1,168,1,16673,5,26.51 ± 2.20,12.68 ± 0.64,0.920 ± 0.014,-0.2460 ± 0.1036
gru_h32_l2,168,1,18849,5,26.52 ± 0.46,12.94 ± 0.20,0.920 ± 0.003,-0.2465 ± 0.0216
gru_h64_l1,24,1,31169,5,26.94 ± 1.98,12.95 ± 0.68,0.918 ± 0.012,-0.2660 ± 0.0931
lstm_h32_l2,48,1,25121,5,27.14 ± 3.06,13.49 ± 1.18,0.916 ± 0.018,-0.2753 ± 0.1436
lstm_h32_l2,168,1,25121,5,27.27 ± 2.46,13.32 ± 1.14,0.915 ± 0.015,-0.2816 ± 0.1155
lstm_h32_l2,24,1,25121,5,27.42 ± 1.09,13.31 ± 0.34,0.915 ± 0.007,-0.2886 ± 0.0511
gru_h64_l1,168,1,31169,5,27.46 ± 2.21,13.32 ± 1.00,0.914 ± 0.014,-0.2905 ± 0.1038
gru_h32_l1,48,1,12513,5,27.63 ± 1.73,13.31 ± 0.60,0.913 ± 0.011,-0.2987 ± 0.0812
gru_h32_l1,24,1,12513,5,28.28 ± 1.79,13.59 ± 0.77,0.909 ± 0.011,-0.3289 ± 0.0841
gru_h32_l1,168,1,12513,5,30.79 ± 0.84,14.58 ± 0.22,0.893 ± 0.006,-0.4468 ± 0.0396
lstm_h64_l1,24,3,41537,5,41.59 ± 0.67,23.34 ± 0.54,0.805 ± 0.006,0.0192 ± 0.0159
gru_h128_l1,24,3,86913,5,41.82 ± 0.64,23.58 ± 0.45,0.802 ± 0.006,0.0138 ± 0.0151
lstm_h64_l1,48,3,41537,5,42.01 ± 1.16,23.49 ± 0.76,0.801 ± 0.011,0.0092 ± 0.0274
gru_h128_l1,168,3,86913,5,42.09 ± 1.38,23.56 ± 0.94,0.800 ± 0.013,0.0074 ± 0.0325
lstm_h64_l1,168,3,41537,5,42.11 ± 1.19,23.76 ± 0.94,0.800 ± 0.011,0.0069 ± 0.0281
gru_h128_l1,48,3,86913,5,42.34 ± 1.49,23.77 ± 0.88,0.797 ± 0.014,0.0015 ± 0.0351
lstm_h64_l2,24,3,74817,5,42.36 ± 0.70,23.66 ± 0.38,0.797 ± 0.007,0.0009 ± 0.0166
lstm_h64_l2,168,3,74817,5,42.48 ± 0.97,23.65 ± 0.60,0.796 ± 0.009,-0.0019 ± 0.0229
lstm_h64_l2,48,3,74817,5,42.55 ± 0.77,23.90 ± 0.59,0.795 ± 0.007,-0.0035 ± 0.0182
gru_h64_l2,24,3,56129,5,43.36 ± 0.86,23.82 ± 0.23,0.788 ± 0.009,-0.0226 ± 0.0203
lstm_h32_l1,48,3,16673,5,43.40 ± 0.36,24.01 ± 0.24,0.787 ± 0.004,-0.0235 ± 0.0085
lstm_h32_l1,24,3,16673,5,44.06 ± 0.92,24.14 ± 0.56,0.781 ± 0.009,-0.0391 ± 0.0216
gru_h64_l1,48,3,31169,5,44.13 ± 1.45,24.46 ± 0.53,0.780 ± 0.014,-0.0408 ± 0.0342
gru_h64_l1,24,3,31169,5,44.19 ± 1.26,24.39 ± 0.72,0.779 ± 0.013,-0.0422 ± 0.0298
lstm_h32_l1,168,3,16673,5,44.39 ± 0.83,24.47 ± 0.35,0.777 ± 0.008,-0.0470 ± 0.0195
gru_h64_l2,168,3,56129,5,44.71 ± 1.32,24.33 ± 0.58,0.774 ± 0.013,-0.0544 ± 0.0310
gru_h64_l2,48,3,56129,5,44.88 ± 0.61,24.40 ± 0.20,0.772 ± 0.006,-0.0585 ± 0.0144
lstm_h32_l2,24,3,25121,5,45.60 ± 1.23,25.04 ± 0.63,0.765 ± 0.013,-0.0755 ± 0.0291
gru_h32_l1,48,3,12513,5,45.66 ± 0.95,25.26 ± 0.40,0.765 ± 0.010,-0.0767 ± 0.0223
lstm_h32_l2,168,3,25121,5,45.72 ± 1.04,25.26 ± 0.52,0.764 ± 0.011,-0.0783 ± 0.0245
gru_h64_l1,168,3,31169,5,45.75 ± 0.76,25.33 ± 0.55,0.764 ± 0.008,-0.0790 ± 0.0180
lstm_h32_l2,48,3,25121,5,45.76 ± 1.30,25.22 ± 0.76,0.763 ± 0.013,-0.0792 ± 0.0306
gru_h32_l2,24,3,18849,5,46.36 ± 2.16,25.31 ± 1.02,0.757 ± 0.022,-0.0933 ± 0.0509
gru_h32_l2,48,3,18849,5,46.93 ± 1.72,25.61 ± 0.99,0.751 ± 0.018,-0.1069 ± 0.0406
gru_h32_l2,168,3,18849,5,47.14 ± 0.94,25.59 ± 0.49,0.749 ± 0.010,-0.1117 ± 0.0221
gru_h32_l1,168,3,12513,5,47.65 ± 1.67,26.18 ± 0.68,0.743 ± 0.018,-0.1239 ± 0.0394
gru_h32_l1,24,3,12513,5,48.18 ± 2.10,26.50 ± 0.99,0.737 ± 0.023,-0.1362 ± 0.0495
lstm_h64_l1,24,6,41537,5,57.34 ± 1.06,34.40 ± 0.53,0.630 ± 0.014,0.0487 ± 0.0175
lstm_h64_l1,168,6,41537,5,57.61 ± 0.93,34.50 ± 0.48,0.626 ± 0.012,0.0442 ± 0.0154
lstm_h64_l2,48,6,74817,5,57.95 ± 0.67,34.78 ± 0.63,0.622 ± 0.009,0.0385 ± 0.0111
lstm_h64_l2,168,6,74817,5,58.07 ± 1.68,34.80 ± 0.71,0.620 ± 0.022,0.0366 ± 0.0279
gru_h64_l2,24,6,56129,5,58.09 ± 1.10,34.66 ± 0.58,0.620 ± 0.014,0.0362 ± 0.0182
lstm_h64_l1,48,6,41537,5,58.62 ± 2.19,35.05 ± 1.30,0.613 ± 0.029,0.0275 ± 0.0363
gru_h64_l2,168,6,56129,5,58.89 ± 2.18,34.95 ± 0.98,0.609 ± 0.029,0.0229 ± 0.0361
gru_h64_l2,48,6,56129,5,58.98 ± 1.95,34.98 ± 0.88,0.608 ± 0.026,0.0215 ± 0.0324
lstm_h64_l2,24,6,74817,5,59.02 ± 1.41,35.08 ± 0.68,0.608 ± 0.019,0.0208 ± 0.0234
gru_h64_l1,24,6,31169,5,59.07 ± 1.32,34.96 ± 0.70,0.607 ± 0.018,0.0200 ± 0.0218
gru_h64_l1,48,6,31169,5,59.37 ± 1.68,35.10 ± 1.08,0.603 ± 0.023,0.0149 ± 0.0279
gru_h64_l1,168,6,31169,5,59.53 ± 1.08,35.30 ± 0.75,0.601 ± 0.015,0.0124 ± 0.0180
gru_h128_l1,48,6,86913,5,59.71 ± 0.91,35.89 ± 0.29,0.599 ± 0.012,0.0094 ± 0.0152
gru_h128_l1,24,6,86913,5,59.76 ± 0.41,35.87 ± 0.60,0.598 ± 0.005,0.0085 ± 0.0067
gru_h128_l1,168,6,86913,5,59.77 ± 0.28,35.97 ± 0.52,0.598 ± 0.004,0.0083 ± 0.0047
lstm_h32_l2,168,6,25121,5,59.91 ± 1.12,35.70 ± 0.53,0.596 ± 0.015,0.0060 ± 0.0186
lstm_h32_l2,48,6,25121,5,59.98 ± 0.88,35.83 ± 0.78,0.595 ± 0.012,0.0049 ± 0.0146
lstm_h32_l2,24,6,25121,5,60.29 ± 1.61,36.02 ± 0.79,0.591 ± 0.022,-0.0003 ± 0.0268
lstm_h32_l1,24,6,16673,5,60.39 ± 0.69,35.63 ± 0.21,0.589 ± 0.009,-0.0020 ± 0.0115
lstm_h32_l1,168,6,16673,5,60.82 ± 0.38,35.87 ± 0.31,0.584 ± 0.005,-0.0091 ± 0.0062
lstm_h32_l1,48,6,16673,5,61.12 ± 1.54,36.08 ± 0.63,0.579 ± 0.021,-0.0140 ± 0.0256
gru_h32_l2,48,6,18849,5,61.26 ± 0.56,35.84 ± 0.44,0.578 ± 0.008,-0.0163 ± 0.0093
gru_h32_l2,24,6,18849,5,61.55 ± 0.86,36.11 ± 0.46,0.574 ± 0.012,-0.0212 ± 0.0143
gru_h32_l1,48,6,12513,5,61.75 ± 1.12,36.36 ± 0.53,0.571 ± 0.016,-0.0245 ± 0.0185
gru_h32_l1,24,6,12513,5,61.85 ± 1.04,36.31 ± 0.35,0.569 ± 0.014,-0.0262 ± 0.0172
gru_h32_l1,168,6,12513,5,63.20 ± 0.70,37.07 ± 0.61,0.550 ± 0.010,-0.0486 ± 0.0116
gru_h32_l2,168,6,18849,5,63.23 ± 3.65,36.95 ± 2.03,0.549 ± 0.053,-0.0490 ± 0.0605
gru_h64_l2,48,12,56129,5,71.35 ± 1.37,45.89 ± 1.13,0.431 ± 0.022,0.0852 ± 0.0176
lstm_h64_l2,48,12,74817,5,71.82 ± 0.72,46.31 ± 0.33,0.424 ± 0.011,0.0793 ± 0.0092
gru_h64_l2,24,12,56129,5,72.51 ± 3.71,46.50 ± 1.77,0.412 ± 0.061,0.0704 ± 0.0476
gru_h64_l2,168,12,56129,5,73.46 ± 3.12,46.72 ± 1.19,0.397 ± 0.052,0.0582 ± 0.0401
lstm_h64_l2,24,12,74817,5,73.82 ± 2.12,47.30 ± 1.05,0.391 ± 0.036,0.0536 ± 0.0272
gru_h128_l1,24,12,86913,5,74.46 ± 0.97,47.07 ± 0.51,0.381 ± 0.016,0.0453 ± 0.0125
gru_h128_l1,48,12,86913,5,74.54 ± 1.55,47.28 ± 0.76,0.379 ± 0.026,0.0443 ± 0.0199
lstm_h64_l2,168,12,74817,5,74.55 ± 2.89,47.69 ± 1.56,0.379 ± 0.049,0.0442 ± 0.0371
gru_h128_l1,168,12,86913,5,74.92 ± 2.08,47.47 ± 1.11,0.373 ± 0.035,0.0395 ± 0.0266
gru_h64_l1,48,12,31169,5,75.03 ± 1.46,47.48 ± 0.58,0.371 ± 0.025,0.0380 ± 0.0187
gru_h32_l2,168,12,18849,5,75.19 ± 2.85,48.08 ± 1.29,0.368 ± 0.049,0.0360 ± 0.0366
lstm_h64_l1,48,12,41537,5,75.38 ± 2.59,47.46 ± 1.28,0.365 ± 0.044,0.0336 ± 0.0333
lstm_h64_l1,24,12,41537,5,75.42 ± 4.05,47.72 ± 2.42,0.363 ± 0.070,0.0330 ± 0.0519
gru_h64_l1,24,12,31169,5,75.50 ± 2.30,47.81 ± 0.78,0.363 ± 0.039,0.0320 ± 0.0295
gru_h32_l2,24,12,18849,5,75.64 ± 2.60,48.20 ± 1.36,0.361 ± 0.044,0.0303 ± 0.0334
lstm_h64_l1,168,12,41537,5,75.83 ± 4.08,47.96 ± 2.32,0.356 ± 0.071,0.0278 ± 0.0524
lstm_h32_l2,48,12,25121,5,75.93 ± 2.44,48.42 ± 1.03,0.356 ± 0.042,0.0265 ± 0.0313
lstm_h32_l2,168,12,25121,5,76.12 ± 3.92,48.35 ± 1.53,0.351 ± 0.067,0.0241 ± 0.0503
gru_h32_l2,48,12,18849,5,76.16 ± 2.69,48.40 ± 1.35,0.352 ± 0.046,0.0235 ± 0.0345
gru_h32_l1,48,12,12513,5,76.18 ± 1.08,48.01 ± 0.88,0.352 ± 0.018,0.0234 ± 0.0139
lstm_h32_l2,24,12,25121,5,76.22 ± 1.97,48.56 ± 0.87,0.351 ± 0.034,0.0228 ± 0.0253
gru_h64_l1,168,12,31169,5,76.22 ± 2.49,48.03 ± 0.85,0.351 ± 0.043,0.0228 ± 0.0319
lstm_h32_l1,168,12,16673,5,76.24 ± 1.42,48.05 ± 0.52,0.351 ± 0.024,0.0225 ± 0.0182
lstm_h32_l1,24,12,16673,5,76.31 ± 0.90,48.04 ± 0.59,0.350 ± 0.015,0.0217 ± 0.0116
lstm_h32_l1,48,12,16673,5,76.62 ± 2.74,48.03 ± 0.79,0.344 ± 0.048,0.0177 ± 0.0352
gru_h32_l1,24,12,12513,5,77.20 ± 0.67,48.75 ± 0.67,0.334 ± 0.012,0.0102 ± 0.0086
gru_h32_l1,168,12,12513,5,77.41 ± 2.53,48.91 ± 1.29,0.330 ± 0.044,0.0075 ± 0.0325
lstm_h64_l2,168,24,74817,5,88.71 ± 1.09,60.35 ± 1.42,0.135 ± 0.021,0.0882 ± 0.0112
lstm_h64_l2,48,24,74817,5,88.81 ± 1.04,60.49 ± 1.26,0.133 ± 0.020,0.0872 ± 0.0106
lstm_h64_l2,24,24,74817,5,89.80 ± 1.48,60.83 ± 1.25,0.114 ± 0.029,0.0770 ± 0.0153
gru_h64_l2,24,24,56129,5,90.08 ± 2.18,60.13 ± 1.08,0.108 ± 0.043,0.0741 ± 0.0225
gru_h64_l2,48,24,56129,5,90.77 ± 2.57,60.23 ± 0.88,0.094 ± 0.051,0.0670 ± 0.0264
gru_h64_l2,168,24,56129,5,90.82 ± 2.84,60.34 ± 0.84,0.093 ± 0.056,0.0665 ± 0.0292
lstm_h32_l1,24,24,16673,5,91.14 ± 1.35,60.28 ± 0.95,0.087 ± 0.027,0.0632 ± 0.0138
lstm_h32_l1,48,24,16673,5,91.41 ± 1.28,60.41 ± 0.82,0.082 ± 0.026,0.0605 ± 0.0132
lstm_h64_l1,168,24,41537,5,91.55 ± 0.75,60.83 ± 1.11,0.079 ± 0.015,0.0590 ± 0.0077
gru_h128_l1,168,24,86913,5,91.80 ± 2.30,60.52 ± 0.76,0.073 ± 0.046,0.0564 ± 0.0236
gru_h128_l1,48,24,86913,5,92.03 ± 2.38,60.67 ± 0.95,0.069 ± 0.047,0.0541 ± 0.0244
lstm_h64_l1,24,24,41537,5,92.14 ± 1.45,61.51 ± 0.64,0.067 ± 0.029,0.0530 ± 0.0149
lstm_h64_l1,48,24,41537,5,92.88 ± 2.95,61.89 ± 1.46,0.051 ± 0.061,0.0453 ± 0.0303
gru_h32_l2,168,24,18849,5,93.00 ± 1.82,61.54 ± 1.00,0.049 ± 0.037,0.0441 ± 0.0188
gru_h32_l1,48,24,12513,5,93.22 ± 1.15,61.00 ± 0.49,0.045 ± 0.024,0.0418 ± 0.0119
gru_h128_l1,24,24,86913,5,93.86 ± 1.80,61.78 ± 1.13,0.031 ± 0.037,0.0352 ± 0.0185
lstm_h32_l2,48,24,25121,5,93.96 ± 5.22,62.52 ± 2.80,0.027 ± 0.108,0.0343 ± 0.0537
lstm_h32_l2,24,24,25121,5,94.08 ± 4.86,62.47 ± 2.76,0.025 ± 0.101,0.0330 ± 0.0499
lstm_h32_l2,168,24,25121,5,94.26 ± 4.79,62.58 ± 2.74,0.021 ± 0.100,0.0312 ± 0.0493
gru_h32_l2,24,24,18849,5,94.27 ± 2.62,62.86 ± 2.08,0.023 ± 0.054,0.0311 ± 0.0269
gru_h32_l1,168,24,12513,5,94.38 ± 3.79,61.81 ± 1.82,0.020 ± 0.080,0.0299 ± 0.0390
gru_h64_l1,48,24,31169,5,94.84 ± 3.65,62.11 ± 1.81,0.010 ± 0.077,0.0252 ± 0.0376
gru_h64_l1,168,24,31169,5,95.06 ± 5.05,62.09 ± 2.41,0.005 ± 0.109,0.0230 ± 0.0519
gru_h32_l2,48,24,18849,5,95.26 ± 5.34,62.70 ± 3.02,0.000 ± 0.114,0.0209 ± 0.0549
lstm_h32_l1,168,24,16673,5,95.27 ± 5.72,62.42 ± 3.03,-0.001 ± 0.121,0.0207 ± 0.0587
gru_h64_l1,24,24,31169,5,95.81 ± 5.17,62.82 ± 3.43,-0.011 ± 0.110,0.0153 ± 0.0532
gru_h32_l1,24,24,12513,5,96.24 ± 2.68,62.31 ± 1.20,-0.019 ± 0.057,0.0108 ± 0.0276
